{"peliculas": [{"director": "Kevin Kerslake", "sinopsis": "Bad reputation es una pelicula que va de...", "genero": "Documental", "cantidad": 4, "poster": "Bad_reputation.jpg", "precio": 18.99, "anno": 2018, "actores": [{"nombre": "Billie Joe Armstrong", "foto": "BillieJoeArmstrong.jpg", "personaje": "Himself"}, {"nombre": "Rodney Bingenheimer", "foto": "RodneyBingenheimer.jpg", "personaje": "Himself"}], "titulo": "Bad Reputation", "fechaCompra": "2018-10-31", "id": 1, "valoracion": 2.7}, {"director": "Karey Kirkpatrick, Jason Reisig", "sinopsis": "A Yeti is convinced that the elusive creatures known as hoomans really do exist", "genero": "Aventura", "cantidad": 4, "poster": "Smallfoot.jpg", "precio": 18, "anno": 2018, "actores": [{"nombre": "Jake Lloyd", "foto": "anakin.jpg", "personaje": "Anakin Skywalker"}, {"nombre": "Ewan McGregor", "foto": "kenobi.jpg", "personaje": "Obi-Wan Kenobi"}], "titulo": "Smallfoot", "fechaCompra": "2018-10-31", "id": 3, "valoracion": 5}, {"director": "Drew Pearce", "sinopsis": "Set in riot-torn, near-future Los Angeles", "genero": "Aventura", "cantidad": 3, "poster": "Hotel_Artemis.jpg", "precio": 19, "anno": 2018, "actores": [{"nombre": "Jake Lloyd", "foto": "anakin.jpg", "personaje": "Anakin Skywalker"}, {"nombre": "Ewan McGregor", "foto": "kenobi.jpg", "personaje": "Obi-Wan Kenobi"}], "titulo": "Hotel Artemis", "fechaCompra": "2018-10-31", "id": 4, "valoracion": 5}, {"director": "Kevin Kerslake", "sinopsis": "Documentary about rock star Joan Jett.", "genero": "Documental", "cantidad": 3, "poster": "Bad_reputation.jpg", "precio": 18.99, "anno": 2018, "actores": [{"nombre": "Billie Joe Armstrong", "foto": "BillieJoeArmstrong.jpg", "personaje": "Himself"}, {"nombre": "Rodney Bingenheimer", "foto": "RodneyBingenheimer.jpg", "personaje": "Himself"}], "titulo": "Bad Reputation2", "fechaCompra": "2018-10-31", "id": 5, "valoracion": 2.7}, {"director": "Corin Hardy", "sinopsis": "Descripcion de la monja.", "genero": "Terror", "cantidad": 5, "poster": "The_nun.jpg", "precio": 18, "anno": 1999, "actores": [{"nombre": "Jake Lloyd", "foto": "anakin.jpg", "personaje": "Anakin Skywalker"}, {"nombre": "Ewan McGregor", "foto": "kenobi.jpg", "personaje": "Obi-Wan Kenobi"}], "titulo": "La monja2", "fechaCompra": "2018-10-31", "id": 6, "valoracion": 5}, {"director": "Karey Kirkpatrick, Jason Reisig", "sinopsis": "A Yeti is convinced that the elusive creatures known as hoomans really do exist", "genero": "Aventura", "cantidad": 4, "poster": "Smallfoot.jpg", "precio": 18, "anno": 2018, "actores": [{"nombre": "Jake Lloyd", "foto": "anakin.jpg", "personaje": "Anakin Skywalker"}, {"nombre": "Ewan McGregor", "foto": "kenobi.jpg", "personaje": "Obi-Wan Kenobi"}], "titulo": "Smallfoot2", "fechaCompra": "2018-10-31", "id": 7, "valoracion": 5}]}