{
	"peliculas": [
		{"titulo": "Bad Reputation",
		"poster": "Bad_reputation.jpg",
		"director": "Kevin Kerslake",
		"precio": 18.99,
		"genero": "Documental",
		"sinopsis": "Documentary about ut rock star Joan Jett.",
		"anno": 2018,
		"actores": [
			{"nombre": "Billie Joe Armstrong",
			"personaje": "Himself",
			"foto": "BillieJoeArmstrong.jpg"},

			{"nombre": "Rodney Bingenheimer",
			"personaje": "Himself",
			"foto": "RodneyBingenheimer.jpg"},

			{"nombre": "Rodney Bingenheimer",
			"personaje": "Himself",
			"foto": "RodneyBingenheimer.jpg"},

			{"nombre": "Rodney Bingenheimer",
			"personaje": "Himself",
			"foto": "RodneyBingenheimer.jpg"},

			{"nombre": "Rodney Bingenheimer",
			"personaje": "Himself",
			"foto": "RodneyBingenheimer.jpg"},

			{"nombre": "Rodney Bingenheimer",
			"personaje": "Himself",
			"foto": "RodneyBingenheimer.jpg"},

			{"nombre": "Rodney Bingenheimer",
			"personaje": "Himself",
			"foto": "RodneyBingenheimer.jpg"}
			],
		"id":1,
		"valoracion":2.7
		},
		{"titulo": "La monja",
		"poster": "The_nun.jpg",
		"director": "Corin Hardy",
		"precio": 18,
		"genero": "Terror",
		"anno": 199,
		"sinopsis": "Vente al lado oscuro Obi-Wan",
		"actores": [
			{"nombre": "Jake Lloyd",
			"personaje": "Anakin Skywalker",
			"foto": "anakin.jpg"},

			{"nombre": "Ewan McGregor",
			"personaje": "Obi-Wan Kenobi",
			"foto": "kenobi.jpg"}
			],
		"id":2,
		"valoracion":5
		},
		{"titulo": "Smallfoot",
			"poster": "Smallfoot.jpg",
			"director": "Karey Kirkpatrick, Jason Reisig",
			"precio": 18,
			"genero": "Aventura",
			"anno": 2018,
			"sinopsis": "A Yeti is convinced that the elusive creatures known as hoomans really do exist",
			"actores": [
				{"nombre": "Jake Lloyd",
				"personaje": "Anakin Skywalker",
				"foto": "anakin.jpg"},

				{"nombre": "Ewan McGregor",
				"personaje": "Obi-Wan Kenobi",
				"foto": "kenobi.jpg"}
				],
			"id":3,
			"valoracion":5
			},
		{"titulo": "Hotel Artemissssssssssssssaa hotel de hotel de hotel",
				"poster": "Hotel_Artemis.jpg",
				"director": "Drew Pearce",
				"precio": 19,
				"genero": "Aventura",
				"anno": 2018,
				"sinopsis": "Set in riot-torn, near-future Los Angeles",
				"actores": [
					{"nombre": "Jake Lloyd",
					"personaje": "Anakin Skywalker",
					"foto": "anakin.jpg"},

					{"nombre": "Ewan McGregor",
					"personaje": "Obi-Wan Kenobi",
					"foto": "kenobi.jpg"}
					],
				"id":4,
				"valoracion":5
			},
			{"titulo": "Bad Reputation",
			"poster": "Bad_reputation.jpg",
			"director": "Kevin Kerslake",
			"precio": 18.99,
			"genero": "Documental",
			"sinopsis": "Documentary about rock star Joan Jett.Documentary about rock star Joan Jett.Documentary about rock star Joan Jett.Documentary about rock star Joan Jett.Documentary about rock star Joan Jett.Documentary about rock star Joan Jett.Documentary about rock star Joan Jett.Documentary about rock star Joan Jett.Documentary about rock star Joan Jett.Documentary about rock star Joan Jett.Documentary about rock star Joan Jett.Documentary about rock star Joan Jett.Documentary about rock star Joan Jett.Documentary about rock star Joan Jett.Documentary about rock star Joan Jett.Documentary about rock star Joan Jett.Documentary about rock star Joan Jett.Documentary about rock star Joan Jett.Documentary about rock star Joan Jett.Documentary about rock star Joan Jett.Documentary about rock star Joan Jett.Documentary about rock star Joan Jett.Documentary about rock star Joan Jett.Documentary about rock star Joan Jett.Documentary about rock star Joan Jett.Documentary about rock star Joan Jett.Documentary about rock star Joan Jett.Documentary about rock star Joan Jett.Documentary about rock star Joan Jett.Documentary about rock star Joan Jett.Documentary about rock star Joan Jett.Documentary about rock star Joan Jett.Documentary about rock star Joan Jett.Documentary about rock star Joan Jett.Documentary about rock star Joan Jett.Documentary about rock star Joan Jett.Documentary about rock star Joan Jett.Documentary about rock star Joan Jett.Documentary about rock star Joan Jett.Documentary about rock star Joan Jett.Documentary about rock star Joan Jett.Documentary about rock star Joan Jett.Documentary about rock star Joan Jett.Documentary about rock star Joan Jett.Documentary about rock star Joan Jett.Documentary about rock star Joan Jett.Documentary about rock star Joan Jett.Documentary about rock star Joan Jett.Documentary about rock star Joan Jett.Documentary about rock star Joan Jett.Documentary about rock star Joan Jett.Documentary about rock star Joan Jett.Documentary about rock star Joan Jett.Documentary about rock star Joan Jett.Documentary about rock star Joan Jett.Documentary about rock star Joan Jett.Documentary about rock star Joan Jett.Documentary about rock star Joan Jett.Documentary about rock star Joan Jett.Documentary about rock star Joan Jett.Documentary about rock star Joan Jett.Documentary about rock star Joan Jett.Documentary about rock star Joan Jett.Documentary about rock star Joan Jett.Documentary about rock star Joan Jett.Documentary about rock star Joan Jett.",
			"anno": 2018,
			"actores": [
				{"nombre": "Billie Joe Armstrong",
				"personaje": "Himself",
				"foto": "BillieJoeArmstrong.jpg"},

				{"nombre": "Rodney Bingenheimer",
				"personaje": "Himself",
				"foto": "RodneyBingenheimer.jpg"},

				{"nombre": "Rodney Bingenheimer",
				"personaje": "Himself",
				"foto": "RodneyBingenheimer.jpg"},

				{"nombre": "Rodney Bingenheimer",
				"personaje": "Himself",
				"foto": "RodneyBingenheimer.jpg"},

				{"nombre": "Rodney Bingenheimer",
				"personaje": "Himself",
				"foto": "RodneyBingenheimer.jpg"},

				{"nombre": "Rodney Bingenheimer",
				"personaje": "Himself",
				"foto": "RodneyBingenheimer.jpg"},

				{"nombre": "Rodney Bingenheimer",
				"personaje": "Himself",
				"foto": "RodneyBingenheimer.jpg"}
				],
			"id":1,
			"valoracion":2.7
			},
			{"titulo": "La monja",
			"poster": "The_nun.jpg",
			"director": "Corin Hardy",
			"precio": 18,
			"genero": "Terror",
			"anno": 199,
			"sinopsis": "Vente al lado oscuro Obi-Wan",
			"actores": [
				{"nombre": "Jake Lloyd",
				"personaje": "Anakin Skywalker",
				"foto": "anakin.jpg"},

				{"nombre": "Ewan McGregor",
				"personaje": "Obi-Wan Kenobi",
				"foto": "kenobi.jpg"}
				],
			"id":2,
			"valoracion":5
			},
			{"titulo": "Smallfoot",
				"poster": "Smallfoot.jpg",
				"director": "Karey Kirkpatrick, Jason Reisig",
				"precio": 18,
				"genero": "Aventura",
				"anno": 2018,
				"sinopsis": "A Yeti is convinced that the elusive creatures known as hoomans really do exist",
				"actores": [
					{"nombre": "Jake Lloyd",
					"personaje": "Anakin Skywalker",
					"foto": "anakin.jpg"},

					{"nombre": "Ewan McGregor",
					"personaje": "Obi-Wan Kenobi",
					"foto": "kenobi.jpg"}
					],
				"id":3,
				"valoracion":5
				},
			{"titulo": "Hotel Artemis",
					"poster": "Hotel_Artemis.jpg",
					"director": "Drew Pearce",
					"precio": 19,
					"genero": "Aventura",
					"anno": 2018,
					"sinopsis": "Set in riot-torn, near-future Los Angeles",
					"actores": [
						{"nombre": "Jake Lloyd",
						"personaje": "Anakin Skywalker",
						"foto": "anakin.jpg"},

						{"nombre": "Ewan McGregor",
						"personaje": "Obi-Wan Kenobi",
						"foto": "kenobi.jpg"}
						],
					"id":4,
					"valoracion":5
				},
				{"titulo": "Bad Reputation",
				"poster": "Bad_reputation.jpg",
				"director": "Kevin Kerslake",
				"precio": 18.99,
				"genero": "Documental",
				"sinopsis": "Documentary about rock star Joan Jett.Documentary about rock star Joan Jett.Documentary about rock star Joan Jett.Documentary about rock star Joan Jett.Documentary about rock star Joan Jett.Documentary about rock star Joan Jett.Documentary about rock star Joan Jett.Documentary about rock star Joan Jett.Documentary about rock star Joan Jett.Documentary about rock star Joan Jett.Documentary about rock star Joan Jett.Documentary about rock star Joan Jett.Documentary about rock star Joan Jett.Documentary about rock star Joan Jett.Documentary about rock star Joan Jett.Documentary about rock star Joan Jett.Documentary about rock star Joan Jett.Documentary about rock star Joan Jett.Documentary about rock star Joan Jett.Documentary about rock star Joan Jett.Documentary about rock star Joan Jett.Documentary about rock star Joan Jett.Documentary about rock star Joan Jett.Documentary about rock star Joan Jett.Documentary about rock star Joan Jett.Documentary about rock star Joan Jett.Documentary about rock star Joan Jett.Documentary about rock star Joan Jett.Documentary about rock star Joan Jett.Documentary about rock star Joan Jett.Documentary about rock star Joan Jett.Documentary about rock star Joan Jett.Documentary about rock star Joan Jett.Documentary about rock star Joan Jett.Documentary about rock star Joan Jett.Documentary about rock star Joan Jett.Documentary about rock star Joan Jett.Documentary about rock star Joan Jett.Documentary about rock star Joan Jett.Documentary about rock star Joan Jett.Documentary about rock star Joan Jett.Documentary about rock star Joan Jett.Documentary about rock star Joan Jett.Documentary about rock star Joan Jett.Documentary about rock star Joan Jett.Documentary about rock star Joan Jett.Documentary about rock star Joan Jett.Documentary about rock star Joan Jett.Documentary about rock star Joan Jett.Documentary about rock star Joan Jett.Documentary about rock star Joan Jett.Documentary about rock star Joan Jett.Documentary about rock star Joan Jett.Documentary about rock star Joan Jett.Documentary about rock star Joan Jett.Documentary about rock star Joan Jett.Documentary about rock star Joan Jett.Documentary about rock star Joan Jett.Documentary about rock star Joan Jett.Documentary about rock star Joan Jett.Documentary about rock star Joan Jett.Documentary about rock star Joan Jett.Documentary about rock star Joan Jett.Documentary about rock star Joan Jett.Documentary about rock star Joan Jett.Documentary about rock star Joan Jett.",
				"anno": 2018,
				"actores": [
					{"nombre": "Billie Joe Armstrong",
					"personaje": "Himself",
					"foto": "BillieJoeArmstrong.jpg"},

					{"nombre": "Rodney Bingenheimer",
					"personaje": "Himself",
					"foto": "RodneyBingenheimer.jpg"},

					{"nombre": "Rodney Bingenheimer",
					"personaje": "Himself",
					"foto": "RodneyBingenheimer.jpg"},

					{"nombre": "Rodney Bingenheimer",
					"personaje": "Himself",
					"foto": "RodneyBingenheimer.jpg"},

					{"nombre": "Rodney Bingenheimer",
					"personaje": "Himself",
					"foto": "RodneyBingenheimer.jpg"},

					{"nombre": "Rodney Bingenheimer",
					"personaje": "Himself",
					"foto": "RodneyBingenheimer.jpg"},

					{"nombre": "Rodney Bingenheimer",
					"personaje": "Himself",
					"foto": "RodneyBingenheimer.jpg"}
					],
				"id":1,
				"valoracion":2.7
				},
				{"titulo": "La monja",
				"poster": "The_nun.jpg",
				"director": "Corin Hardy",
				"precio": 18,
				"genero": "Terror",
				"anno": 199,
				"sinopsis": "Vente al lado oscuro Obi-Wan",
				"actores": [
					{"nombre": "Jake Lloyd",
					"personaje": "Anakin Skywalker",
					"foto": "anakin.jpg"},

					{"nombre": "Ewan McGregor",
					"personaje": "Obi-Wan Kenobi",
					"foto": "kenobi.jpg"}
					],
				"id":2,
				"valoracion":5
				},
				{"titulo": "Smallfoot",
					"poster": "Smallfoot.jpg",
					"director": "Karey Kirkpatrick, Jason Reisig",
					"precio": 18,
					"genero": "Aventura",
					"anno": 2018,
					"sinopsis": "A Yeti is convinced that the elusive creatures known as hoomans really do exist",
					"actores": [
						{"nombre": "Jake Lloyd",
						"personaje": "Anakin Skywalker",
						"foto": "anakin.jpg"},

						{"nombre": "Ewan McGregor",
						"personaje": "Obi-Wan Kenobi",
						"foto": "kenobi.jpg"}
						],
					"id":3,
					"valoracion":5
					},
				{"titulo": "Hotel Artemis",
						"poster": "Hotel_Artemis.jpg",
						"director": "Drew Pearce",
						"precio": 19,
						"genero": "Aventura",
						"anno": 2018,
						"sinopsis": "Set in riot-torn, near-future Los Angeles",
						"actores": [
							{"nombre": "Jake Lloyd",
							"personaje": "Anakin Skywalker",
							"foto": "anakin.jpg"},

							{"nombre": "Ewan McGregor",
							"personaje": "Obi-Wan Kenobi",
							"foto": "kenobi.jpg"}
							],
						"id":4,
						"valoracion":5
					},
					{"titulo": "Bad Reputation",
					"poster": "Bad_reputation.jpg",
					"director": "Kevin Kerslake",
					"precio": 18.99,
					"genero": "Documental",
					"sinopsis": "Documentary about rock star Joan Jett.Documentary about rock star Joan Jett.Documentary about rock star Joan Jett.Documentary about rock star Joan Jett.Documentary about rock star Joan Jett.Documentary about rock star Joan Jett.Documentary about rock star Joan Jett.Documentary about rock star Joan Jett.Documentary about rock star Joan Jett.Documentary about rock star Joan Jett.Documentary about rock star Joan Jett.Documentary about rock star Joan Jett.Documentary about rock star Joan Jett.Documentary about rock star Joan Jett.Documentary about rock star Joan Jett.Documentary about rock star Joan Jett.Documentary about rock star Joan Jett.Documentary about rock star Joan Jett.Documentary about rock star Joan Jett.Documentary about rock star Joan Jett.Documentary about rock star Joan Jett.Documentary about rock star Joan Jett.Documentary about rock star Joan Jett.Documentary about rock star Joan Jett.Documentary about rock star Joan Jett.Documentary about rock star Joan Jett.Documentary about rock star Joan Jett.Documentary about rock star Joan Jett.Documentary about rock star Joan Jett.Documentary about rock star Joan Jett.Documentary about rock star Joan Jett.Documentary about rock star Joan Jett.Documentary about rock star Joan Jett.Documentary about rock star Joan Jett.Documentary about rock star Joan Jett.Documentary about rock star Joan Jett.Documentary about rock star Joan Jett.Documentary about rock star Joan Jett.Documentary about rock star Joan Jett.Documentary about rock star Joan Jett.Documentary about rock star Joan Jett.Documentary about rock star Joan Jett.Documentary about rock star Joan Jett.Documentary about rock star Joan Jett.Documentary about rock star Joan Jett.Documentary about rock star Joan Jett.Documentary about rock star Joan Jett.Documentary about rock star Joan Jett.Documentary about rock star Joan Jett.Documentary about rock star Joan Jett.Documentary about rock star Joan Jett.Documentary about rock star Joan Jett.Documentary about rock star Joan Jett.Documentary about rock star Joan Jett.Documentary about rock star Joan Jett.Documentary about rock star Joan Jett.Documentary about rock star Joan Jett.Documentary about rock star Joan Jett.Documentary about rock star Joan Jett.Documentary about rock star Joan Jett.Documentary about rock star Joan Jett.Documentary about rock star Joan Jett.Documentary about rock star Joan Jett.Documentary about rock star Joan Jett.Documentary about rock star Joan Jett.Documentary about rock star Joan Jett.",
					"anno": 2018,
					"actores": [
						{"nombre": "Billie Joe Armstrong",
						"personaje": "Himself",
						"foto": "BillieJoeArmstrong.jpg"},

						{"nombre": "Rodney Bingenheimer",
						"personaje": "Himself",
						"foto": "RodneyBingenheimer.jpg"},

						{"nombre": "Rodney Bingenheimer",
						"personaje": "Himself",
						"foto": "RodneyBingenheimer.jpg"},

						{"nombre": "Rodney Bingenheimer",
						"personaje": "Himself",
						"foto": "RodneyBingenheimer.jpg"},

						{"nombre": "Rodney Bingenheimer",
						"personaje": "Himself",
						"foto": "RodneyBingenheimer.jpg"},

						{"nombre": "Rodney Bingenheimer",
						"personaje": "Himself",
						"foto": "RodneyBingenheimer.jpg"},

						{"nombre": "Rodney Bingenheimer",
						"personaje": "Himself",
						"foto": "RodneyBingenheimer.jpg"}
						],
					"id":1,
					"valoracion":2.7
					},
					{"titulo": "La monja",
					"poster": "The_nun.jpg",
					"director": "Corin Hardy",
					"precio": 18,
					"genero": "Terror",
					"anno": 199,
					"sinopsis": "Vente al lado oscuro Obi-Wan",
					"actores": [
						{"nombre": "Jake Lloyd",
						"personaje": "Anakin Skywalker",
						"foto": "anakin.jpg"},

						{"nombre": "Ewan McGregor",
						"personaje": "Obi-Wan Kenobi",
						"foto": "kenobi.jpg"}
						],
					"id":2,
					"valoracion":5
					},
					{"titulo": "Smallfoot",
						"poster": "Smallfoot.jpg",
						"director": "Karey Kirkpatrick, Jason Reisig",
						"precio": 18,
						"genero": "Aventura",
						"anno": 2018,
						"sinopsis": "A Yeti is convinced that the elusive creatures known as hoomans really do exist",
						"actores": [
							{"nombre": "Jake Lloyd",
							"personaje": "Anakin Skywalker",
							"foto": "anakin.jpg"},

							{"nombre": "Ewan McGregor",
							"personaje": "Obi-Wan Kenobi",
							"foto": "kenobi.jpg"}
							],
						"id":3,
						"valoracion":5
						},
					{"titulo": "Hotel Artemis",
							"poster": "Hotel_Artemis.jpg",
							"director": "Drew Pearce",
							"precio": 19,
							"genero": "Aventura",
							"anno": 2018,
							"sinopsis": "Set in riot-torn, near-future Los Angeles",
							"actores": [
								{"nombre": "Jake Lloyd",
								"personaje": "Anakin Skywalker",
								"foto": "anakin.jpg"},

								{"nombre": "Ewan McGregor",
								"personaje": "Obi-Wan Kenobi",
								"foto": "kenobi.jpg"}
								],
							"id":4,
							"valoracion":5
						},
						{"titulo": "Bad Reputation",
						"poster": "Bad_reputation.jpg",
						"director": "Kevin Kerslake",
						"precio": 18.99,
						"genero": "Documental",
						"sinopsis": "Documentary about rock star Joan Jett.Documentary about rock star Joan Jett.Documentary about rock star Joan Jett.Documentary about rock star Joan Jett.Documentary about rock star Joan Jett.Documentary about rock star Joan Jett.Documentary about rock star Joan Jett.Documentary about rock star Joan Jett.Documentary about rock star Joan Jett.Documentary about rock star Joan Jett.Documentary about rock star Joan Jett.Documentary about rock star Joan Jett.Documentary about rock star Joan Jett.Documentary about rock star Joan Jett.Documentary about rock star Joan Jett.Documentary about rock star Joan Jett.Documentary about rock star Joan Jett.Documentary about rock star Joan Jett.Documentary about rock star Joan Jett.Documentary about rock star Joan Jett.Documentary about rock star Joan Jett.Documentary about rock star Joan Jett.Documentary about rock star Joan Jett.Documentary about rock star Joan Jett.Documentary about rock star Joan Jett.Documentary about rock star Joan Jett.Documentary about rock star Joan Jett.Documentary about rock star Joan Jett.Documentary about rock star Joan Jett.Documentary about rock star Joan Jett.Documentary about rock star Joan Jett.Documentary about rock star Joan Jett.Documentary about rock star Joan Jett.Documentary about rock star Joan Jett.Documentary about rock star Joan Jett.Documentary about rock star Joan Jett.Documentary about rock star Joan Jett.Documentary about rock star Joan Jett.Documentary about rock star Joan Jett.Documentary about rock star Joan Jett.Documentary about rock star Joan Jett.Documentary about rock star Joan Jett.Documentary about rock star Joan Jett.Documentary about rock star Joan Jett.Documentary about rock star Joan Jett.Documentary about rock star Joan Jett.Documentary about rock star Joan Jett.Documentary about rock star Joan Jett.Documentary about rock star Joan Jett.Documentary about rock star Joan Jett.Documentary about rock star Joan Jett.Documentary about rock star Joan Jett.Documentary about rock star Joan Jett.Documentary about rock star Joan Jett.Documentary about rock star Joan Jett.Documentary about rock star Joan Jett.Documentary about rock star Joan Jett.Documentary about rock star Joan Jett.Documentary about rock star Joan Jett.Documentary about rock star Joan Jett.Documentary about rock star Joan Jett.Documentary about rock star Joan Jett.Documentary about rock star Joan Jett.Documentary about rock star Joan Jett.Documentary about rock star Joan Jett.Documentary about rock star Joan Jett.",
						"anno": 2018,
						"actores": [
							{"nombre": "Billie Joe Armstrong",
							"personaje": "Himself",
							"foto": "BillieJoeArmstrong.jpg"},

							{"nombre": "Rodney Bingenheimer",
							"personaje": "Himself",
							"foto": "RodneyBingenheimer.jpg"},

							{"nombre": "Rodney Bingenheimer",
							"personaje": "Himself",
							"foto": "RodneyBingenheimer.jpg"},

							{"nombre": "Rodney Bingenheimer",
							"personaje": "Himself",
							"foto": "RodneyBingenheimer.jpg"},

							{"nombre": "Rodney Bingenheimer",
							"personaje": "Himself",
							"foto": "RodneyBingenheimer.jpg"},

							{"nombre": "Rodney Bingenheimer",
							"personaje": "Himself",
							"foto": "RodneyBingenheimer.jpg"},

							{"nombre": "Rodney Bingenheimer",
							"personaje": "Himself",
							"foto": "RodneyBingenheimer.jpg"}
							],
						"id":1,
						"valoracion":2.7
						},
						{"titulo": "La monja",
						"poster": "The_nun.jpg",
						"director": "Corin Hardy",
						"precio": 18,
						"genero": "Terror",
						"anno": 199,
						"sinopsis": "Vente al lado oscuro Obi-Wan",
						"actores": [
							{"nombre": "Jake Lloyd",
							"personaje": "Anakin Skywalker",
							"foto": "anakin.jpg"},

							{"nombre": "Ewan McGregor",
							"personaje": "Obi-Wan Kenobi",
							"foto": "kenobi.jpg"}
							],
						"id":2,
						"valoracion":5
						},
						{"titulo": "Smallfoot",
							"poster": "Smallfoot.jpg",
							"director": "Karey Kirkpatrick, Jason Reisig",
							"precio": 18,
							"genero": "Aventuraaaaaaaaaaaaaaaaaaaaaaaaaaaaaaaaaaaaaaaaa",
							"anno": 2018,
							"sinopsis": "A Yeti is convinced that the elusive creatures known as hoomans really do exist",
							"actores": [
								{"nombre": "Jake Lloyd",
								"personaje": "Anakin Skywalker",
								"foto": "anakin.jpg"},

								{"nombre": "Ewan McGregor",
								"personaje": "Obi-Wan Kenobi",
								"foto": "kenobi.jpg"}
								],
							"id":3,
							"valoracion":5
							},
						{"titulo": "Hotel Artemis",
								"poster": "Hotel_Artemis.jpg",
								"director": "Drew Pearce",
								"precio": 19,
								"genero": "Aventura",
								"anno": 2018,
								"sinopsis": "Set in riot-torn, near-future Los Angeles",
								"actores": [
									{"nombre": "Jake Lloyd",
									"personaje": "Anakin Skywalker",
									"foto": "anakin.jpg"},

									{"nombre": "Ewan McGregor",
									"personaje": "Obi-Wan Kenobi",
									"foto": "kenobi.jpg"}
									],
								"id":4,
								"valoracion":5
							}
	]
}
